Organization,Station.ID,Sample.Date,Sample.Depth_m,Sodium_mgL,Chloride_mgL,Sulfate_mgL
CityofMadison,CityofMadison,1940-01-31,NA,NA,6,NA
CityofMadison,CityofMadison,1940-03-11,NA,NA,3,NA
CityofMadison,CityofMadison,1940-05-28,NA,NA,1.28,NA
CityofMadison,CityofMadison,1940-06-25,NA,NA,2.93,NA
CityofMadison,CityofMadison,1940-07-30,NA,NA,3.17,NA
CityofMadison,CityofMadison,1940-08-27,NA,NA,2.23,NA
CityofMadison,CityofMadison,1940-09-11,NA,NA,0.81,NA
CityofMadison,CityofMadison,1940-10-30,NA,NA,2.88,NA
CityofMadison,CityofMadison,1941-03-07,NA,NA,1.8,NA
CityofMadison,CityofMadison,1941-05-19,NA,NA,1.35,NA
CityofMadison,CityofMadison,1941-06-17,NA,NA,11.9,NA
CityofMadison,CityofMadison,1941-07-08,NA,NA,5.73,NA
CityofMadison,CityofMadison,1941-07-29,NA,NA,1.14,NA
CityofMadison,CityofMadison,1941-08-20,NA,NA,3.18,NA
CityofMadison,CityofMadison,1941-09-10,NA,NA,1.04,NA
CityofMadison,CityofMadison,1941-10-02,NA,NA,3.18,NA
CityofMadison,CityofMadison,1942-02-02,NA,NA,3.75,NA
CityofMadison,CityofMadison,1942-04-28,NA,NA,1.59,NA
CityofMadison,CityofMadison,1942-06-17,NA,NA,2.61,NA
CityofMadison,CityofMadison,1942-07-17,NA,NA,2.12,NA
CityofMadison,CityofMadison,1942-08-10,NA,NA,1.25,NA
CityofMadison,CityofMadison,1942-09-15,NA,NA,1.63,NA
CityofMadison,CityofMadison,1942-10-01,NA,NA,2.5,NA
CityofMadison,CityofMadison,1942-11-12,NA,NA,2.87,NA
CityofMadison,CityofMadison,1942-12-15,NA,NA,5,NA
CityofMadison,CityofMadison,1943-01-14,NA,NA,2.25,NA
CityofMadison,CityofMadison,1943-02-17,NA,NA,2.5,NA
CityofMadison,CityofMadison,1943-04-14,NA,NA,2.87,NA
CityofMadison,CityofMadison,1943-05-25,NA,NA,3.13,NA
CityofMadison,CityofMadison,1943-06-15,NA,NA,1.62,NA
CityofMadison,CityofMadison,1943-07-19,NA,NA,3.75,NA
CityofMadison,CityofMadison,1943-08-16,NA,NA,1.5,NA
CityofMadison,CityofMadison,1943-09-27,NA,NA,2.5,NA
CityofMadison,CityofMadison,1943-10-11,NA,NA,2.5,NA
CityofMadison,CityofMadison,1943-11-01,NA,NA,1.63,NA
CityofMadison,CityofMadison,1943-12-15,NA,NA,2.75,NA
CityofMadison,CityofMadison,1944-01-28,NA,NA,2.5,NA
CityofMadison,CityofMadison,1944-02-23,NA,NA,3.12,NA
CityofMadison,CityofMadison,1944-04-25,NA,NA,3.5,NA
CityofMadison,CityofMadison,1944-06-26,NA,NA,1.13,NA
CityofMadison,CityofMadison,1944-07-28,NA,NA,4,NA
CityofMadison,CityofMadison,1944-08-10,NA,NA,1.375,NA
CityofMadison,CityofMadison,1944-09-12,NA,NA,2.5,NA
CityofMadison,CityofMadison,1944-10-24,NA,NA,2.5,NA
CityofMadison,CityofMadison,1944-11-28,NA,NA,1.88,NA
CityofMadison,CityofMadison,1945-01-22,NA,NA,3.15,NA
CityofMadison,CityofMadison,1945-04-23,NA,NA,3.75,NA
CityofMadison,CityofMadison,1945-05-28,NA,NA,2.5,NA
CityofMadison,CityofMadison,1945-06-19,NA,NA,3.76,NA
CityofMadison,CityofMadison,1945-07-19,NA,NA,4.2,NA
CityofMadison,CityofMadison,1945-08-22,NA,NA,2.75,NA
CityofMadison,CityofMadison,1945-09-19,NA,NA,4.38,NA
CityofMadison,CityofMadison,1945-10-22,NA,NA,2.88,NA
CityofMadison,CityofMadison,1945-11-26,NA,NA,3.5,NA
CityofMadison,CityofMadison,1945-12-12,NA,NA,1.88,NA
CityofMadison,CityofMadison,1946-01-14,NA,NA,5.425,NA
CityofMadison,CityofMadison,1946-03-13,NA,NA,2.375,NA
CityofMadison,CityofMadison,1946-04-24,NA,NA,2.25,NA
CityofMadison,CityofMadison,1946-05-27,NA,NA,3,NA
CityofMadison,CityofMadison,1946-06-25,NA,NA,4.25,NA
CityofMadison,CityofMadison,1946-07-16,NA,NA,3.75,NA
CityofMadison,CityofMadison,1946-08-22,NA,NA,2.5,NA
CityofMadison,CityofMadison,1946-09-10,NA,NA,3.125,NA
CityofMadison,CityofMadison,1946-10-23,NA,NA,5,NA
CityofMadison,CityofMadison,1946-11-26,NA,NA,1.875,NA
CityofMadison,CityofMadison,1946-12-11,NA,NA,1.875,NA
CityofMadison,CityofMadison,1947-01-20,NA,NA,2.75,NA
CityofMadison,CityofMadison,1947-03-28,NA,NA,4.125,NA
CityofMadison,CityofMadison,1947-05-27,NA,NA,2.88,NA
CityofMadison,CityofMadison,1947-06-26,NA,NA,2.125,NA
CityofMadison,CityofMadison,1947-07-30,NA,NA,3.79,NA
CityofMadison,CityofMadison,1947-08-21,NA,NA,3.03,NA
CityofMadison,CityofMadison,1947-09-11,NA,NA,3.79,NA
CityofMadison,CityofMadison,1947-10-23,NA,NA,3.033,NA
CityofMadison,CityofMadison,1947-11-25,NA,NA,1.52,NA
CityofMadison,CityofMadison,1948-01-30,NA,NA,4.55,NA
CityofMadison,CityofMadison,1948-02-20,NA,NA,4.85,NA
CityofMadison,CityofMadison,1948-03-30,NA,NA,4.55,NA
CityofMadison,CityofMadison,1948-04-22,NA,NA,2.27,NA
CityofMadison,CityofMadison,1948-05-26,NA,NA,4.54,NA
CityofMadison,CityofMadison,1948-06-29,NA,NA,2.27,NA
CityofMadison,CityofMadison,1948-07-28,NA,NA,4.55,NA
CityofMadison,CityofMadison,1948-08-13,NA,NA,4.55,NA
CityofMadison,CityofMadison,1948-09-28,NA,NA,3.79,NA
CityofMadison,CityofMadison,1948-10-27,NA,NA,1.67,NA
CityofMadison,CityofMadison,1948-11-24,NA,NA,3.03,NA
CityofMadison,CityofMadison,1948-12-23,NA,NA,4.55,NA
CityofMadison,CityofMadison,1949-02-03,NA,NA,6.06,NA
CityofMadison,CityofMadison,1949-03-29,NA,NA,0.759,NA
CityofMadison,CityofMadison,1949-04-27,NA,NA,3.8,NA
CityofMadison,CityofMadison,1949-05-18,NA,NA,1.5,NA
CityofMadison,CityofMadison,1949-06-28,NA,NA,6.06,NA
CityofMadison,CityofMadison,1949-07-26,NA,NA,1.21,NA
CityofMadison,CityofMadison,1949-08-30,NA,NA,6.06,NA
CityofMadison,CityofMadison,1949-10-27,NA,NA,9.1,NA
CityofMadison,CityofMadison,1949-12-20,NA,NA,8.35,NA
Richard C. Lathrop,WI_DNR,1957-07-01,NA,NA,6,NA
Richard C. Lathrop,WI_DNR,1958-07-01,NA,NA,6,NA
Richard C. Lathrop,WI_DNR,1962-07-01,NA,NA,6,NA
Richard C. Lathrop,WI_DNR,1963-07-01,NA,NA,6,NA
Richard C. Lathrop,WI_DNR,1964-07-01,NA,NA,7,NA
Richard C. Lathrop,WI_DNR,1965-07-01,NA,NA,8,NA
Richard C. Lathrop,WI_DNR,1966-07-01,NA,NA,8,NA
Richard C. Lathrop,WI_DNR,1967-07-01,NA,NA,9,NA
Richard C. Lathrop,WI_DNR,1968-07-01,NA,NA,9,NA
Richard C. Lathrop,WI_DNR,1969-07-01,NA,NA,10,NA
Richard C. Lathrop,WI_DNR,1970-07-01,NA,NA,11,NA
Richard C. Lathrop,WI_DNR,1971-07-01,NA,NA,13,NA
Richard C. Lathrop,WI_DNR,1972-07-01,NA,NA,13,NA
CityofMadison,CityofMadison,1973-03-01,NA,NA,13.5,NA
CityofMadison,CityofMadison,1973-04-01,NA,NA,14,NA
CityofMadison,CityofMadison,1973-05-01,NA,NA,14.5,NA
CityofMadison,CityofMadison,1973-10-01,NA,NA,14.5,NA
CityofMadison,CityofMadison,1974-02-01,NA,NA,18.5,NA
CityofMadison,CityofMadison,1974-03-01,NA,NA,10.5,NA
CityofMadison,CityofMadison,1974-04-01,NA,NA,14.2,NA
CityofMadison,CityofMadison,1974-05-01,NA,NA,13.5,NA
CityofMadison,CityofMadison,1974-06-01,NA,NA,15,NA
CityofMadison,CityofMadison,1974-07-01,NA,NA,15.5,NA
CityofMadison,CityofMadison,1974-09-01,NA,NA,15,NA
CityofMadison,CityofMadison,1974-10-01,NA,NA,15,NA
CityofMadison,CityofMadison,1974-12-01,NA,NA,15.8,NA
CityofMadison,CityofMadison,1975-01-02,NA,NA,16,NA
CityofMadison,CityofMadison,1975-02-03,NA,NA,15.8,NA
CityofMadison,CityofMadison,1975-03-05,NA,NA,16,NA
CityofMadison,CityofMadison,1975-03-28,NA,NA,13,NA
CityofMadison,CityofMadison,1975-04-04,NA,NA,10,NA
CityofMadison,CityofMadison,1975-04-18,NA,NA,9,NA
CityofMadison,CityofMadison,1975-05-02,NA,NA,16,NA
CityofMadison,CityofMadison,1975-06-17,NA,NA,15.5,NA
CityofMadison,CityofMadison,1975-07-01,NA,NA,15,NA
CityofMadison,CityofMadison,1975-08-07,NA,NA,15.5,NA
CityofMadison,CityofMadison,1975-08-28,NA,NA,15,NA
CityofMadison,CityofMadison,1975-09-02,NA,NA,15.5,NA
CityofMadison,CityofMadison,1975-10-06,NA,NA,15,NA
CityofMadison,CityofMadison,1975-11-05,NA,NA,15.8,NA
CityofMadison,CityofMadison,1975-12-01,NA,NA,15.8,NA
CityofMadison,CityofMadison,1976-01-02,NA,NA,15.2,NA
CityofMadison,CityofMadison,1976-02-04,NA,NA,17,NA
CityofMadison,CityofMadison,1976-03-01,NA,NA,14,NA
CityofMadison,CityofMadison,1976-04-02,NA,NA,15.2,NA
CityofMadison,CityofMadison,1976-05-04,NA,NA,14.5,NA
CityofMadison,CityofMadison,1976-06-02,NA,NA,15.5,NA
CityofMadison,CityofMadison,1976-07-01,NA,NA,16,NA
CityofMadison,CityofMadison,1976-08-01,NA,NA,15.5,NA
CityofMadison,CityofMadison,1976-09-01,NA,NA,16,NA
CityofMadison,CityofMadison,1976-10-01,NA,NA,16,NA
CityofMadison,CityofMadison,1976-11-01,NA,NA,15,NA
CityofMadison,CityofMadison,1976-12-01,NA,NA,19,NA
CityofMadison,CityofMadison,1977-01-04,NA,NA,18,NA
CityofMadison,CityofMadison,1977-02-02,NA,NA,19,NA
CityofMadison,CityofMadison,1977-03-01,NA,NA,16,NA
CityofMadison,CityofMadison,1977-04-01,NA,NA,16,NA
CityofMadison,CityofMadison,1977-05-04,NA,NA,16,NA
CityofMadison,CityofMadison,1977-06-01,NA,NA,16,NA
CityofMadison,CityofMadison,1977-07-01,NA,NA,15,NA
CityofMadison,CityofMadison,1977-08-01,NA,NA,13.5,NA
CityofMadison,CityofMadison,1977-09-01,NA,NA,16,NA
CityofMadison,CityofMadison,1977-10-01,NA,NA,16,NA
CityofMadison,CityofMadison,1977-11-01,NA,NA,16,NA
CityofMadison,CityofMadison,1977-12-01,NA,NA,18,NA
CityofMadison,CityofMadison,1978-01-01,NA,NA,20,NA
CityofMadison,CityofMadison,1978-02-01,NA,NA,18,NA
CityofMadison,CityofMadison,1978-03-01,NA,NA,20,NA
CityofMadison,CityofMadison,1978-04-01,NA,NA,12,NA
CityofMadison,CityofMadison,1978-05-01,NA,NA,18,NA
CityofMadison,CityofMadison,1978-06-01,NA,NA,17,NA
CityofMadison,CityofMadison,1978-07-01,NA,NA,18,NA
CityofMadison,CityofMadison,1978-08-01,NA,NA,15,NA
CityofMadison,CityofMadison,1978-09-01,NA,NA,23,NA
CityofMadison,CityofMadison,1978-10-01,NA,NA,35,NA
CityofMadison,CityofMadison,1978-11-01,NA,NA,18,NA
CityofMadison,CityofMadison,1978-12-01,NA,NA,16.5,NA
CityofMadison,CityofMadison,1979-01-01,NA,NA,16,NA
CityofMadison,CityofMadison,1979-02-01,NA,NA,17.8,NA
CityofMadison,CityofMadison,1979-03-01,NA,NA,17.5,NA
CityofMadison,CityofMadison,1979-04-01,NA,NA,13.5,NA
CityofMadison,CityofMadison,1979-05-01,NA,NA,16.8,NA
CityofMadison,CityofMadison,1979-06-01,NA,NA,17.4,NA
CityofMadison,CityofMadison,1979-07-01,NA,NA,15.9,NA
CityofMadison,CityofMadison,1979-08-01,NA,NA,16.7,NA
CityofMadison,CityofMadison,1979-09-01,NA,NA,16.8,NA
CityofMadison,CityofMadison,1979-10-01,NA,NA,16.7,NA
CityofMadison,CityofMadison,1979-11-01,NA,NA,16.9,NA
CityofMadison,CityofMadison,1979-12-01,NA,NA,16.8,NA
CityofMadison,CityofMadison,1980-01-01,NA,NA,17.6,NA
CityofMadison,CityofMadison,1980-02-01,NA,NA,17.9,NA
CityofMadison,CityofMadison,1980-03-01,NA,NA,17.9,NA
CityofMadison,CityofMadison,1980-04-01,NA,NA,22,NA
CityofMadison,CityofMadison,1980-05-01,NA,NA,19,NA
CityofMadison,CityofMadison,1980-06-01,NA,NA,18,NA
CityofMadison,CityofMadison,1980-07-01,NA,NA,19,NA
CityofMadison,CityofMadison,1980-08-01,NA,NA,17,NA
CityofMadison,CityofMadison,1980-09-01,NA,NA,17,NA
CityofMadison,CityofMadison,1980-10-01,NA,NA,18,NA
CityofMadison,CityofMadison,1980-11-01,NA,NA,18.7,NA
CityofMadison,CityofMadison,1980-12-01,NA,NA,18.7,NA
CityofMadison,CityofMadison,1981-01-01,NA,NA,19.8,NA
CityofMadison,CityofMadison,1981-02-01,NA,NA,19.7,NA
CityofMadison,CityofMadison,1981-03-01,NA,NA,17.1,NA
CityofMadison,CityofMadison,1981-04-01,NA,NA,19.1,NA
CityofMadison,CityofMadison,1981-05-01,NA,NA,18.2,NA
CityofMadison,CityofMadison,1981-06-01,NA,NA,19,NA
CityofMadison,CityofMadison,1981-07-01,NA,NA,19,NA
CityofMadison,CityofMadison,1981-08-01,NA,NA,18.5,NA
CityofMadison,CityofMadison,1981-11-01,NA,NA,17.5,NA
CityofMadison,CityofMadison,1981-12-01,NA,NA,19,NA
CityofMadison,CityofMadison,1982-01-20,NA,NA,20,NA
CityofMadison,CityofMadison,1982-02-02,NA,NA,20.5,NA
CityofMadison,CityofMadison,1982-03-02,NA,NA,20.5,NA
CityofMadison,CityofMadison,1982-04-06,NA,NA,26,NA
CityofMadison,CityofMadison,1982-05-03,NA,NA,20.5,NA
CityofMadison,CityofMadison,1982-06-01,NA,NA,19.5,NA
CityofMadison,CityofMadison,1982-07-06,NA,NA,19.5,NA
CityofMadison,CityofMadison,1982-08-02,NA,NA,19.5,NA
CityofMadison,CityofMadison,1982-10-04,NA,NA,19.8,NA
CityofMadison,CityofMadison,1982-11-01,NA,NA,19,NA
CityofMadison,CityofMadison,1982-12-02,NA,NA,18,NA
CityofMadison,CityofMadison,1983-01-01,NA,NA,14,NA
CityofMadison,CityofMadison,1983-02-01,NA,NA,20.5,NA
CityofMadison,CityofMadison,1983-03-01,NA,NA,18,NA
CityofMadison,CityofMadison,1983-04-01,NA,NA,19.5,NA
CityofMadison,CityofMadison,1983-05-01,NA,NA,20.5,NA
CityofMadison,CityofMadison,1983-06-01,NA,NA,19,NA
CityofMadison,CityofMadison,1983-07-01,NA,NA,18,NA
CityofMadison,CityofMadison,1983-08-01,NA,NA,20,NA
CityofMadison,CityofMadison,1983-09-01,NA,NA,20,NA
CityofMadison,CityofMadison,1983-10-01,NA,NA,21.2,NA
CityofMadison,CityofMadison,1983-11-01,NA,NA,20.5,NA
CityofMadison,CityofMadison,1983-12-01,NA,NA,20,NA
CityofMadison,CityofMadison,1984-01-01,NA,NA,21,NA
CityofMadison,CityofMadison,1984-02-01,NA,NA,22,NA
CityofMadison,CityofMadison,1984-03-01,NA,NA,18,NA
CityofMadison,CityofMadison,1984-04-01,NA,NA,17.5,NA
CityofMadison,CityofMadison,1984-05-01,NA,NA,20.8,NA
CityofMadison,CityofMadison,1984-06-01,NA,NA,20,NA
CityofMadison,CityofMadison,1984-07-01,NA,NA,19,NA
CityofMadison,CityofMadison,1984-08-01,NA,NA,19,NA
CityofMadison,CityofMadison,1984-09-01,NA,NA,20,NA
CityofMadison,CityofMadison,1984-10-01,NA,NA,20,NA
CityofMadison,CityofMadison,1984-11-01,NA,NA,19,NA
CityofMadison,CityofMadison,1984-12-01,NA,NA,20,NA
CityofMadison,CityofMadison,1985-01-01,NA,NA,20,NA
CityofMadison,CityofMadison,1985-02-01,NA,NA,21,NA
CityofMadison,CityofMadison,1985-03-01,NA,NA,20,NA
CityofMadison,CityofMadison,1985-04-01,NA,NA,20,NA
CityofMadison,CityofMadison,1985-05-01,NA,NA,20,NA
CityofMadison,CityofMadison,1985-06-01,NA,NA,22,NA
CityofMadison,CityofMadison,1985-07-01,NA,NA,21,NA
CityofMadison,CityofMadison,1985-08-01,NA,NA,21,NA
CityofMadison,CityofMadison,1985-09-01,NA,NA,22,NA
CityofMadison,CityofMadison,1985-10-01,NA,NA,20,NA
CityofMadison,CityofMadison,1985-11-01,NA,NA,21,NA
CityofMadison,CityofMadison,1985-12-01,NA,NA,20,NA
CityofMadison,CityofMadison,1986-01-01,NA,NA,24,NA
CityofMadison,CityofMadison,1986-02-01,NA,NA,24,NA
CityofMadison,CityofMadison,1986-03-01,NA,NA,23,NA
CityofMadison,CityofMadison,1986-04-01,NA,NA,22,NA
CityofMadison,CityofMadison,1986-05-01,NA,NA,23,NA
CityofMadison,CityofMadison,1986-06-01,NA,NA,22,NA
CityofMadison,CityofMadison,1986-07-01,NA,NA,23,NA
CityofMadison,CityofMadison,1986-08-01,NA,NA,21,NA
CityofMadison,CityofMadison,1986-09-01,NA,NA,21,NA
CityofMadison,CityofMadison,1986-10-01,NA,NA,23,NA
CityofMadison,CityofMadison,1986-11-01,NA,NA,22,NA
CityofMadison,CityofMadison,1986-12-01,NA,NA,19,NA
CityofMadison,CityofMadison,1987-01-05,NA,NA,22,NA
CityofMadison,CityofMadison,1987-02-02,NA,NA,24,NA
CityofMadison,CityofMadison,1987-03-02,NA,NA,23,NA
CityofMadison,CityofMadison,1987-04-08,NA,NA,24,NA
CityofMadison,CityofMadison,1987-05-04,NA,NA,25,NA
CityofMadison,CityofMadison,1987-06-01,NA,NA,25,NA
CityofMadison,CityofMadison,1987-07-01,NA,NA,22,NA
CityofMadison,CityofMadison,1987-08-03,NA,NA,23,NA
CityofMadison,CityofMadison,1987-09-01,NA,NA,23,NA
CityofMadison,CityofMadison,1987-10-01,NA,NA,24,NA
CityofMadison,CityofMadison,1987-11-01,NA,NA,28,NA
CityofMadison,CityofMadison,1987-12-01,NA,NA,25,NA
CityofMadison,CityofMadison,1988-01-01,NA,NA,25.2,NA
CityofMadison,CityofMadison,1988-02-01,NA,NA,28.6,NA
CityofMadison,CityofMadison,1988-03-01,NA,NA,26.7,NA
CityofMadison,CityofMadison,1988-04-01,NA,NA,24.5,NA
CityofMadison,CityofMadison,1988-05-01,NA,NA,24.3,NA
CityofMadison,CityofMadison,1988-06-01,NA,NA,26.5,NA
CityofMadison,CityofMadison,1988-07-01,NA,NA,25.3,NA
CityofMadison,CityofMadison,1988-08-01,NA,NA,25.9,NA
Wisconsin Department of Natural Resources,WIDNR_WQX-10001207,1988-08-01,0,11,26,22
CityofMadison,CityofMadison,1988-09-01,NA,NA,27.5,NA
CityofMadison,CityofMadison,1988-10-01,NA,NA,26.2,NA
Wisconsin Department of Natural Resources,WIDNR_WQX-10001207,1988-10-12,0,11,26,23.3
CityofMadison,CityofMadison,1988-11-01,NA,NA,23.8,NA
CityofMadison,CityofMadison,1988-12-01,NA,NA,23.6,NA
CityofMadison,CityofMadison,1989-01-01,NA,NA,26.4,NA
Wisconsin Department of Natural Resources,WIDNR_WQX-10001207,1989-01-23,1,12,27,22.9
CityofMadison,CityofMadison,1989-02-01,NA,NA,26.4,NA
CityofMadison,CityofMadison,1989-03-01,NA,NA,30.2,NA
CityofMadison,CityofMadison,1989-04-01,NA,NA,27.4,NA
Wisconsin Department of Natural Resources,WIDNR_WQX-10001207,1989-04-24,0,12,27,22.7
CityofMadison,CityofMadison,1989-05-01,NA,NA,27.6,NA
CityofMadison,CityofMadison,1989-06-01,NA,NA,27.2,NA
CityofMadison,CityofMadison,1989-07-01,NA,NA,27.4,NA
Wisconsin Department of Natural Resources,WIDNR_WQX-10001207,1989-07-17,NA,12,27,22.4
Wisconsin Department of Natural Resources,WIDNR_WQX-10001207,1989-07-17,NA,12,27,22.7
Wisconsin Department of Natural Resources,WIDNR_WQX-10001207,1989-07-17,NA,12,27,22.4
Wisconsin Department of Natural Resources,WIDNR_WQX-10001207,1989-07-17,NA,12,27,22.7
CityofMadison,CityofMadison,1989-08-01,NA,NA,22.6,NA
CityofMadison,CityofMadison,1989-09-01,NA,NA,23.6,NA
CityofMadison,CityofMadison,1989-10-01,NA,NA,25.8,NA
Wisconsin Department of Natural Resources,WIDNR_WQX-10001207,1989-10-08,4,12,27,22.6
Wisconsin Department of Natural Resources,WIDNR_WQX-10001207,1989-10-08,0,12,27,22.6
CityofMadison,CityofMadison,1989-11-01,NA,NA,27.1,NA
CityofMadison,CityofMadison,1989-12-01,NA,NA,29.3,NA
CityofMadison,CityofMadison,1990-01-01,NA,NA,27.6,NA
Wisconsin Department of Natural Resources,WIDNR_WQX-10001207,1990-01-23,1,13,27,21.7
CityofMadison,CityofMadison,1990-02-01,NA,NA,28.2,NA
CityofMadison,CityofMadison,1990-03-01,NA,NA,29.1,NA
CityofMadison,CityofMadison,1990-04-01,NA,NA,26.9,NA
Wisconsin Department of Natural Resources,WIDNR_WQX-10001207,1990-04-23,0,13,28,NA
CityofMadison,CityofMadison,1990-05-01,NA,NA,27.9,NA
Wisconsin Department of Natural Resources,WIDNR_WQX-10001207,1990-05-21,0,13,28,23.5
CityofMadison,CityofMadison,1990-06-01,NA,NA,29.5,NA
CityofMadison,CityofMadison,1990-07-01,NA,NA,28.2,NA
Wisconsin Department of Natural Resources,WIDNR_WQX-10001207,1990-07-16,0,12,28,22
CityofMadison,CityofMadison,1990-08-01,NA,NA,25.2,NA
CityofMadison,CityofMadison,1990-09-01,NA,NA,27.5,NA
CityofMadison,CityofMadison,1990-11-01,NA,NA,26.2,NA
CityofMadison,CityofMadison,1990-12-01,NA,NA,26.7,NA
CityofMadison,CityofMadison,1991-01-03,NA,NA,30,NA
Wisconsin Department of Natural Resources,WIDNR_WQX-10001207,1991-01-29,1,13,30,24
CityofMadison,CityofMadison,1991-02-03,NA,NA,31.7,NA
CityofMadison,CityofMadison,1991-03-03,NA,NA,23.3,NA
CityofMadison,CityofMadison,1991-04-03,NA,NA,28,NA
Wisconsin Department of Natural Resources,WIDNR_WQX-10001207,1991-04-22,0,13,28,24
CityofMadison,CityofMadison,1991-05-03,NA,NA,30.6,NA
CityofMadison,CityofMadison,1991-06-03,NA,NA,31.1,NA
CityofMadison,CityofMadison,1991-07-03,NA,NA,29.1,NA
Wisconsin Department of Natural Resources,WIDNR_WQX-10001207,1991-07-15,0,13,30,22
CityofMadison,CityofMadison,1991-08-03,NA,NA,29.7,NA
CityofMadison,CityofMadison,1991-09-03,NA,NA,30.5,NA
CityofMadison,CityofMadison,1991-10-03,NA,NA,31.3,NA
Wisconsin Department of Natural Resources,WIDNR_WQX-10001207,1991-10-07,0,14,30,22
CityofMadison,CityofMadison,1991-11-03,NA,NA,29.9,NA
CityofMadison,CityofMadison,1991-12-03,NA,NA,29,NA
CityofMadison,CityofMadison,1992-01-03,NA,NA,28.9,NA
Wisconsin Department of Natural Resources,WIDNR_WQX-10001207,1992-01-21,0,13,30,23
CityofMadison,CityofMadison,1992-02-03,NA,NA,30.8,NA
CityofMadison,CityofMadison,1992-03-03,NA,NA,28.5,NA
CityofMadison,CityofMadison,1992-04-03,NA,NA,29.7,NA
CityofMadison,CityofMadison,1992-05-03,NA,NA,28.6,NA
CityofMadison,CityofMadison,1992-06-03,NA,NA,28.6,NA
CityofMadison,CityofMadison,1992-07-03,NA,NA,32.9,NA
Wisconsin Department of Natural Resources,WIDNR_WQX-10001207,1992-07-21,0,14,31,21
CityofMadison,CityofMadison,1992-08-03,NA,NA,32.1,NA
CityofMadison,CityofMadison,1992-09-03,NA,NA,31.9,NA
CityofMadison,CityofMadison,1992-10-03,NA,NA,30.6,NA
CityofMadison,CityofMadison,1992-11-03,NA,NA,31.4,NA
CityofMadison,CityofMadison,1992-12-03,NA,NA,31.7,NA
Wisconsin Department of Natural Resources,WIDNR_WQX-10001207,1993-01-25,1,NA,32,23
CityofMadison,CityofMadison,1993-02-03,NA,NA,31.8,NA
CityofMadison,CityofMadison,1993-03-03,NA,NA,27.2,NA
Wisconsin Department of Natural Resources,WIDNR_WQX-10001207,1993-04-22,0,NA,34,20
CityofMadison,CityofMadison,1993-07-03,NA,NA,31.4,NA
Wisconsin Department of Natural Resources,WIDNR_WQX-10001207,1993-07-19,0,NA,32,19
CityofMadison,CityofMadison,1993-10-03,NA,NA,32.2,NA
Wisconsin Department of Natural Resources,WIDNR_WQX-10001207,1993-10-25,0,NA,31,20
CityofMadison,CityofMadison,1993-11-03,NA,NA,32,NA
CityofMadison,CityofMadison,1993-12-03,NA,NA,32.8,NA
Wisconsin Department of Natural Resources,WIDNR_WQX-10001207,1994-01-24,1,NA,33.5,21
CityofMadison,CityofMadison,1994-02-22,NA,NA,31.8,NA
CityofMadison,CityofMadison,1994-03-17,NA,NA,33.7,NA
Wisconsin Department of Natural Resources,WIDNR_WQX-10001207,1994-04-11,0,NA,31.6,NA
CityofMadison,CityofMadison,1994-06-07,NA,NA,33.4,NA
CityofMadison,CityofMadison,1994-07-26,NA,NA,33.3,NA
Wisconsin Department of Natural Resources,WIDNR_WQX-10001207,1994-08-01,100,NA,32.1,20
CityofMadison,CityofMadison,1994-08-09,NA,NA,34.2,NA
CityofMadison,CityofMadison,1994-09-29,NA,NA,31.9,NA
CityofMadison,CityofMadison,1994-10-13,NA,NA,31.7,NA
Wisconsin Department of Natural Resources,WIDNR_WQX-10001207,1994-10-27,0,NA,32.9,18
CityofMadison,CityofMadison,1994-11-17,NA,NA,30.9,NA
CityofMadison,CityofMadison,1994-12-19,NA,NA,31.1,NA
Wisconsin Department of Natural Resources,WIDNR_WQX-10001207,1995-01-24,1,NA,33.3,NA
CityofMadison,CityofMadison,1996-01-23,NA,NA,34.2,NA
LTER,LTER_ME,1996-02-06,1,15.98,32.57,11.07
LTER,LTER_ME,1996-02-06,8,14.93,30.96,10.48
LTER,LTER_ME,1996-02-06,8,15.09,30.77,9.89
LTER,LTER_ME,1996-02-06,20,17.72,35.38,8.5
CityofMadison,CityofMadison,1996-03-04,NA,NA,32.4,NA
CityofMadison,CityofMadison,1996-04-10,NA,NA,33.6,NA
LTER,LTER_ME,1996-05-01,0,15.36,32.62,17.72
LTER,LTER_ME,1996-05-01,0,15.37,32.77,17.81
LTER,LTER_ME,1996-05-01,8,15.46,32.42,17.57
LTER,LTER_ME,1996-05-01,20,15.4,32.33,17.51
CityofMadison,CityofMadison,1996-05-13,NA,NA,33.8,NA
CityofMadison,CityofMadison,1996-06-27,NA,NA,31.8,NA
LTER,LTER_ME,1996-08-05,0,15.21,32.76,18.23
LTER,LTER_ME,1996-08-05,4,15.21,31.86,18.28
LTER,LTER_ME,1996-08-05,8,15.12,31.78,17.82
LTER,LTER_ME,1996-08-05,12,15.91,33.23,18.53
LTER,LTER_ME,1996-08-05,16,15.78,33.18,18.38
LTER,LTER_ME,1996-08-05,16,16.04,33.03,18.16
LTER,LTER_ME,1996-08-05,20,16.2,32.95,17.48
CityofMadison,CityofMadison,1996-09-24,NA,NA,33.7,NA
LTER,LTER_ME,1996-11-08,0,15.67,34.24,19.45
LTER,LTER_ME,1996-11-08,4,15.98,36.88,20.9
LTER,LTER_ME,1996-11-08,8,15.95,33.9,19.35
LTER,LTER_ME,1996-11-08,20,15.98,35.64,19.95
CityofMadison,CityofMadison,1996-11-26,NA,NA,35.9,NA
CityofMadison,CityofMadison,1996-12-16,NA,NA,34.5,NA
CityofMadison,CityofMadison,1997-01-08,NA,NA,35.5,NA
CityofMadison,CityofMadison,1997-02-06,NA,NA,34.5,NA
LTER,LTER_ME,1997-02-17,1,16.64,35.37,21.17
LTER,LTER_ME,1997-02-17,8,16.39,34.21,20.65
LTER,LTER_ME,1997-02-17,20,18.53,38.61,19.52
CityofMadison,CityofMadison,1997-03-12,NA,NA,35.8,NA
CityofMadison,CityofMadison,1997-04-04,NA,NA,38,NA
LTER,LTER_ME,1997-05-02,0,17.08,36.71,20.6
LTER,LTER_ME,1997-05-02,8,17.06,37.21,20.92
LTER,LTER_ME,1997-05-02,8,17.28,35.5,19.92
LTER,LTER_ME,1997-05-02,20,17.04,37.19,20.98
CityofMadison,CityofMadison,1997-05-12,NA,NA,28.9,NA
CityofMadison,CityofMadison,1997-06-23,NA,NA,34.1,NA
CityofMadison,CityofMadison,1997-07-24,NA,NA,32.8,NA
LTER,LTER_ME,1997-08-06,0,16.76,34.38,19.14
LTER,LTER_ME,1997-08-06,4,16.65,34.55,19.82
LTER,LTER_ME,1997-08-06,8,17.61,35.05,20.71
LTER,LTER_ME,1997-08-06,8,19.37,35.19,20.77
LTER,LTER_ME,1997-08-06,12,17.47,35.01,19.83
LTER,LTER_ME,1997-08-06,16,21.09,38.65,25.41
LTER,LTER_ME,1997-08-06,20,18.24,35.11,18.28
CityofMadison,CityofMadison,1997-09-30,NA,NA,38.3,NA
CityofMadison,CityofMadison,1997-11-11,NA,NA,38.3,NA
LTER,LTER_ME,1997-11-30,0,NA,36.29,20.15
LTER,LTER_ME,1997-11-30,0,NA,36.02,20.1
LTER,LTER_ME,1997-11-30,8,NA,36.13,20.13
LTER,LTER_ME,1997-11-30,20,NA,36.82,20.46
LTER,LTER_ME,1998-04-24,0,16.58,34.93,19.75
LTER,LTER_ME,1998-04-24,4,16.82,35.4,20.1
LTER,LTER_ME,1998-04-24,8,17.36,35.92,20.04
LTER,LTER_ME,1998-04-24,20,17.51,36.37,20.25
CityofMadison,CityofMadison,1998-06-23,NA,NA,33.5,NA
CityofMadison,CityofMadison,1998-07-15,NA,NA,32.6,NA
LTER,LTER_ME,1998-08-02,0,17.22,34.86,19.24
LTER,LTER_ME,1998-08-02,4,17.78,34.59,19.2
LTER,LTER_ME,1998-08-02,4,16.85,35.4,19.45
LTER,LTER_ME,1998-08-02,8,17.01,35.45,19.84
LTER,LTER_ME,1998-08-02,12,17.13,35.22,19.38
LTER,LTER_ME,1998-08-02,16,17.31,35.33,19.11
LTER,LTER_ME,1998-08-02,20,17.24,35.2,17.65
CityofMadison,CityofMadison,1998-09-01,NA,NA,32,NA
CityofMadison,CityofMadison,1998-10-08,NA,NA,35.1,NA
LTER,LTER_ME,1998-10-27,0,16.8,35.55,18.89
LTER,LTER_ME,1998-10-27,0,16.5,35.44,15.34
LTER,LTER_ME,1998-10-27,8,16.75,34.52,19.11
LTER,LTER_ME,1998-10-27,20,17,35.59,15.37
CityofMadison,CityofMadison,1998-12-02,NA,NA,32.8,NA
LTER,LTER_ME,1999-01-25,1,18.13,36.24,20.18
LTER,LTER_ME,1999-01-25,8,18.42,37.37,20.85
LTER,LTER_ME,1999-01-25,8,18.86,38.78,20.9
LTER,LTER_ME,1999-01-25,20,18.2,40.13,20.86
CityofMadison,CityofMadison,1999-02-15,NA,NA,32,NA
CityofMadison,CityofMadison,1999-03-04,NA,NA,33.6,NA
LTER,LTER_ME,1999-04-12,0,18.93,37.29,20.14
LTER,LTER_ME,1999-04-12,0,18.74,36.4,19.68
LTER,LTER_ME,1999-04-12,8,18.81,37.06,20.08
LTER,LTER_ME,1999-04-12,20,18.5,38.51,20.88
CityofMadison,CityofMadison,1999-05-04,NA,NA,34,NA
LTER,LTER_ME,1999-07-06,0,18.12,34.85,18.96
LTER,LTER_ME,1999-07-06,4,17.64,35.09,19.01
LTER,LTER_ME,1999-07-06,8,18.28,34.82,19.02
LTER,LTER_ME,1999-07-06,12,18.39,35.29,19.26
LTER,LTER_ME,1999-07-06,16,18.72,36.45,19.47
LTER,LTER_ME,1999-07-06,16,18.47,35.83,19.34
LTER,LTER_ME,1999-07-06,20,18.47,35.63,18.53
LTER,LTER_ME,1999-07-06,22,17.96,35.64,18.49
CityofMadison,CityofMadison,1999-07-27,NA,NA,32.6,NA
CityofMadison,CityofMadison,1999-08-30,NA,NA,33.1,NA
LTER,LTER_ME,1999-10-26,0,16.98,35.85,19.07
LTER,LTER_ME,1999-10-26,0,17.1,35.97,19.03
LTER,LTER_ME,1999-10-26,4,17.35,35.92,19.04
LTER,LTER_ME,1999-10-26,20,17.02,35.78,19.02
CityofMadison,CityofMadison,1999-10-27,NA,NA,34.2,NA
CityofMadison,CityofMadison,1999-12-07,NA,NA,33.9,NA
CityofMadison,CityofMadison,2000-01-18,NA,NA,35.6,NA
LTER,LTER_ME,2000-01-24,1,16.94,37.07,19.35
LTER,LTER_ME,2000-01-24,1,17.02,37.14,19.17
LTER,LTER_ME,2000-01-24,8,16.37,36.61,19.15
LTER,LTER_ME,2000-01-24,20,16.76,36.4,18.81
CityofMadison,CityofMadison,2000-02-28,NA,NA,27.4,NA
LTER,LTER_ME,2000-04-10,0,16.27,36.11,18.62
LTER,LTER_ME,2000-04-10,0,16.17,36.11,18.65
LTER,LTER_ME,2000-04-10,8,16.31,36.17,18.61
LTER,LTER_ME,2000-04-10,20,16.16,36.11,18.74
CityofMadison,CityofMadison,2000-04-28,NA,NA,34,NA
CityofMadison,CityofMadison,2000-05-26,NA,NA,33.1,NA
CityofMadison,CityofMadison,2000-06-27,NA,NA,30.4,NA
LTER,LTER_ME,2000-07-03,0,15.64,32.08,16.91
LTER,LTER_ME,2000-07-03,4,15.51,32.05,16.79
LTER,LTER_ME,2000-07-03,4,15.54,31.93,16.76
LTER,LTER_ME,2000-07-03,8,15.66,32.14,17
LTER,LTER_ME,2000-07-03,12,15.79,32.95,17.2
LTER,LTER_ME,2000-07-03,16,16.67,35.1,17.84
LTER,LTER_ME,2000-07-03,20,16.9,35.52,17.65
LTER,LTER_ME,2000-07-03,22,16.87,35.57,17.31
CityofMadison,CityofMadison,2000-07-12,NA,NA,31,NA
CityofMadison,CityofMadison,2000-08-07,NA,NA,30.3,NA
CityofMadison,CityofMadison,2000-09-05,NA,NA,30.7,NA
LTER,LTER_ME,2000-10-24,0,16.13,33.21,17.5
LTER,LTER_ME,2000-10-24,4,16.4,33.3,17.51
LTER,LTER_ME,2000-10-24,4,16.12,33.23,17.47
LTER,LTER_ME,2000-10-24,20,16.08,33.2,17.01
CityofMadison,CityofMadison,2000-10-30,NA,NA,34.1,NA
CityofMadison,CityofMadison,2000-11-28,NA,NA,34.6,NA
LTER,LTER_ME,2001-01-17,0,16.83,33.47,17.61
LTER,LTER_ME,2001-01-17,0,16.84,33.37,17.59
LTER,LTER_ME,2001-01-17,8,15.94,31.94,17.03
LTER,LTER_ME,2001-01-17,20,16.4,32.9,16.38
CityofMadison,CityofMadison,2001-01-23,NA,NA,36.4,NA
CityofMadison,CityofMadison,2001-03-22,NA,NA,34.5,NA
CityofMadison,CityofMadison,2001-04-03,NA,NA,31.8,NA
LTER,LTER_ME,2001-04-23,0,16.69,33.42,16.84
LTER,LTER_ME,2001-04-23,0,16.78,33.46,16.5
LTER,LTER_ME,2001-04-23,8,16.83,33.4,16.61
LTER,LTER_ME,2001-04-23,20,16.66,33.48,16.72
CityofMadison,CityofMadison,2001-05-30,NA,NA,36.5,NA
CityofMadison,CityofMadison,2001-06-26,NA,NA,36,NA
CityofMadison,CityofMadison,2001-07-30,NA,NA,36.6,NA
LTER,LTER_ME,2001-07-30,0,17.33,33.72,16.04
LTER,LTER_ME,2001-07-30,0,16.9,33.47,15.9
LTER,LTER_ME,2001-07-30,4,16.89,33.55,15.74
LTER,LTER_ME,2001-07-30,6,16.98,33.6,15.92
LTER,LTER_ME,2001-07-30,8,16.81,33.38,16.17
LTER,LTER_ME,2001-07-30,12,16.73,33.5,15.9
LTER,LTER_ME,2001-07-30,16,17.49,34.02,15.3
LTER,LTER_ME,2001-07-30,20,16.93,33.71,15.99
LTER,LTER_ME,2001-07-30,22,17.06,33.38,14.3
LTER,LTER_ME,2001-10-22,0,15.7,32.09,15.4
LTER,LTER_ME,2001-10-22,0,15.82,32.12,15.32
LTER,LTER_ME,2001-10-22,4,15.87,32.12,15.37
LTER,LTER_ME,2001-10-22,20,15.91,32.09,15.52
CityofMadison,CityofMadison,2001-10-30,NA,NA,35.1,NA
CityofMadison,CityofMadison,2001-11-29,NA,NA,35,NA
CityofMadison,CityofMadison,2001-12-11,NA,NA,35,NA
CityofMadison,CityofMadison,2002-01-28,NA,NA,34.3,NA
CityofMadison,CityofMadison,2002-02-28,NA,NA,36.7,NA
CityofMadison,CityofMadison,2002-03-27,NA,NA,35.2,NA
LTER,LTER_ME,2002-04-24,0,16.3,31.34,16.75
LTER,LTER_ME,2002-04-24,0,16.2,31.36,16.8
LTER,LTER_ME,2002-04-24,8,16.1,31.29,16.71
LTER,LTER_ME,2002-04-24,20,16.1,31.29,16.8
CityofMadison,CityofMadison,2002-04-29,NA,NA,36.1,NA
CityofMadison,CityofMadison,2002-05-30,NA,NA,35.3,NA
CityofMadison,CityofMadison,2002-06-25,NA,NA,35.4,NA
LTER,LTER_ME,2002-07-15,0,15.5,31.52,16.67
LTER,LTER_ME,2002-07-15,4,15.4,31.57,16.47
LTER,LTER_ME,2002-07-15,6,15.4,31.47,16.69
LTER,LTER_ME,2002-07-15,8,15.3,31.13,16.31
LTER,LTER_ME,2002-07-15,12,15.5,31.28,16.58
LTER,LTER_ME,2002-07-15,16,15.3,31.38,16.8
LTER,LTER_ME,2002-07-15,16,15.6,31.43,16.61
LTER,LTER_ME,2002-07-15,20,15.2,31.48,15.74
LTER,LTER_ME,2002-07-15,22,15.4,31.43,15.73
CityofMadison,CityofMadison,2002-07-31,NA,NA,36,NA
CityofMadison,CityofMadison,2002-08-26,NA,NA,36.2,NA
CityofMadison,CityofMadison,2002-09-23,NA,NA,36.5,NA
LTER,LTER_ME,2002-10-21,0,15.8,36.09,18.85
CityofMadison,CityofMadison,2002-10-28,NA,NA,36.6,NA
CityofMadison,CityofMadison,2002-11-25,NA,NA,37,NA
CityofMadison,CityofMadison,2002-12-11,NA,NA,37.6,NA
CityofMadison,CityofMadison,2003-01-08,NA,NA,37.3,NA
LTER,LTER_ME,2003-01-21,0,16.75,37.34,20.08
LTER,LTER_ME,2003-01-21,8,15.92,37.75,20.18
LTER,LTER_ME,2003-01-21,20,16.6,37.62,20.4
LTER,LTER_ME,2003-01-21,20,15.79,37.55,20.38
LTER,LTER_ME,2003-04-14,0,15.07,36.96,18.32
LTER,LTER_ME,2003-04-14,8,14.86,36.83,18.31
LTER,LTER_ME,2003-04-14,20,14.46,36.89,18.24
LTER,LTER_ME,2003-04-14,20,13.55,37.58,18.76
CityofMadison,CityofMadison,2003-04-29,NA,NA,38.2,NA
CityofMadison,CityofMadison,2003-05-29,NA,NA,37.5,NA
CityofMadison,CityofMadison,2003-06-23,NA,NA,38.8,NA
CityofMadison,CityofMadison,2003-07-29,NA,NA,35.8,NA
LTER,LTER_ME,2003-08-04,0,17.16,37.47,18.02
LTER,LTER_ME,2003-08-04,0,16.24,37.37,17.87
LTER,LTER_ME,2003-08-04,4,16.97,37.44,17.95
LTER,LTER_ME,2003-08-04,6,15.97,37.41,17.97
LTER,LTER_ME,2003-08-04,8,15.97,37.29,17.81
LTER,LTER_ME,2003-08-04,12,16.31,37.05,17.59
LTER,LTER_ME,2003-08-04,16,16.28,37.17,17.42
LTER,LTER_ME,2003-08-04,20,15.92,36.98,16.71
LTER,LTER_ME,2003-08-04,22,15.87,36.95,15.78
CityofMadison,CityofMadison,2003-08-27,NA,NA,39.5,NA
CityofMadison,CityofMadison,2003-09-11,NA,NA,39.4,NA
CityofMadison,CityofMadison,2003-10-27,NA,NA,38.9,NA
LTER,LTER_ME,2003-10-27,0,18.3,37.65,17.96
LTER,LTER_ME,2003-10-27,4,16.73,38.11,18.1
LTER,LTER_ME,2003-10-27,20,16.49,37.64,18.01
LTER,LTER_ME,2003-10-27,20,18.2,37.95,18.16
CityofMadison,CityofMadison,2003-11-24,NA,NA,34.7,NA
CityofMadison,CityofMadison,2003-12-29,NA,NA,35,NA
CityofMadison,CityofMadison,2004-01-21,NA,NA,38.6,NA
LTER,LTER_ME,2004-02-03,0,18,39.4,20.15
LTER,LTER_ME,2004-02-03,8,18.4,38.3,19.64
LTER,LTER_ME,2004-02-03,20,18.9,39.05,20.01
LTER,LTER_ME,2004-02-03,20,19.3,39.32,19.92
CityofMadison,CityofMadison,2004-02-18,NA,NA,41,NA
CityofMadison,CityofMadison,2004-03-30,NA,NA,38.9,NA
LTER,LTER_ME,2004-04-12,0,17.9,37.95,19.25
LTER,LTER_ME,2004-04-12,8,17.9,38.01,19.23
LTER,LTER_ME,2004-04-12,20,17.6,38.02,19.2
LTER,LTER_ME,2004-04-12,20,17.7,37.84,19.16
CityofMadison,CityofMadison,2004-04-26,NA,NA,36.6,NA
CityofMadison,CityofMadison,2004-05-12,NA,NA,39.2,NA
CityofMadison,CityofMadison,2004-06-15,NA,NA,34,NA
CityofMadison,CityofMadison,2004-07-15,NA,NA,36.5,NA
LTER,LTER_ME,2004-08-03,0,16.1,38.47,18.26
LTER,LTER_ME,2004-08-03,4,16,38.5,18.34
LTER,LTER_ME,2004-08-03,6,15.9,38.24,18.14
LTER,LTER_ME,2004-08-03,8,15.8,38.31,18.14
LTER,LTER_ME,2004-08-03,12,15.9,39.11,18.42
LTER,LTER_ME,2004-08-03,12,15.8,38.92,18.4
LTER,LTER_ME,2004-08-03,16,16.3,39.78,18.61
LTER,LTER_ME,2004-08-03,20,16.2,40.18,16.92
LTER,LTER_ME,2004-08-03,22,15.9,40.22,16.64
CityofMadison,CityofMadison,2004-08-23,NA,NA,34.1,NA
CityofMadison,CityofMadison,2004-09-13,NA,NA,34.2,NA
CityofMadison,CityofMadison,2004-10-25,NA,NA,34.7,NA
LTER,LTER_ME,2004-11-03,0,13.6,36.78,18.85
LTER,LTER_ME,2004-11-03,4,13.2,21.6,10.4
LTER,LTER_ME,2004-11-03,20,14.3,13.48,5.92
LTER,LTER_ME,2004-11-03,20,14.4,37.02,18.68
CityofMadison,CityofMadison,2004-11-22,NA,NA,38.4,NA
CityofMadison,CityofMadison,2004-12-13,NA,NA,35.5,NA
CityofMadison,CityofMadison,2005-01-25,NA,NA,38.1,NA
LTER,LTER_ME,2005-01-31,0,16.6,38.55,20.47
LTER,LTER_ME,2005-01-31,8,16.5,38.16,20.2
LTER,LTER_ME,2005-01-31,20,17.9,40.73,19.83
LTER,LTER_ME,2005-01-31,20,17.8,40.68,19.78
CityofMadison,CityofMadison,2005-02-23,NA,NA,34.8,NA
CityofMadison,CityofMadison,2005-03-16,NA,NA,35.3,NA
LTER,LTER_ME,2005-04-15,0,17.5,41.8,20.56
LTER,LTER_ME,2005-04-15,8,18.1,43.1,20.83
LTER,LTER_ME,2005-04-15,20,18.1,43.31,21.02
LTER,LTER_ME,2005-04-15,20,17.8,43.49,21.04
CityofMadison,CityofMadison,2005-04-25,NA,NA,36.5,NA
CityofMadison,CityofMadison,2005-05-23,NA,NA,36.2,NA
CityofMadison,CityofMadison,2005-06-30,NA,NA,37,NA
CityofMadison,CityofMadison,2005-07-27,NA,NA,38,NA
LTER,LTER_ME,2005-08-01,0,18,39.81,18.69
LTER,LTER_ME,2005-08-01,4,18.8,39.6,18.55
LTER,LTER_ME,2005-08-01,6,18.2,39.65,18.51
LTER,LTER_ME,2005-08-01,8,17.8,39.75,18.44
LTER,LTER_ME,2005-08-01,12,17.6,39.48,18.53
LTER,LTER_ME,2005-08-01,16,17.7,39.96,18.69
LTER,LTER_ME,2005-08-01,16,18,39.08,18.44
LTER,LTER_ME,2005-08-01,20,17.9,39.22,17.3
LTER,LTER_ME,2005-08-01,22,17.7,39.16,16.14
CityofMadison,CityofMadison,2005-08-23,NA,NA,40.2,NA
CityofMadison,CityofMadison,2005-09-27,NA,NA,36.9,NA
CityofMadison,CityofMadison,2005-10-25,NA,NA,40,NA
LTER,LTER_ME,2005-11-02,0,19.7,40.95,19.06
LTER,LTER_ME,2005-11-02,4,19.9,40.47,18.92
LTER,LTER_ME,2005-11-02,4,19.4,40.99,19.15
LTER,LTER_ME,2005-11-02,20,19.7,28.06,13.02
CityofMadison,CityofMadison,2005-11-30,NA,NA,38.4,NA
CityofMadison,CityofMadison,2005-12-27,NA,NA,38.7,NA
CityofMadison,CityofMadison,2006-01-24,NA,NA,37.7,NA
LTER,LTER_ME,2006-03-06,0,19.29,46.2,21.06
LTER,LTER_ME,2006-03-06,8,18.99,45.52,20.98
LTER,LTER_ME,2006-03-06,8,19.69,45.86,20.85
LTER,LTER_ME,2006-03-06,17,18.78,46.68,20.94
CityofMadison,CityofMadison,2006-03-27,NA,NA,38.3,NA
LTER,LTER_ME,2006-04-17,0,19.42,45,20.82
LTER,LTER_ME,2006-04-17,8,19.44,45.18,20.83
LTER,LTER_ME,2006-04-17,8,19.14,45.46,21.38
LTER,LTER_ME,2006-04-17,20,19.64,45.23,20.88
CityofMadison,CityofMadison,2006-05-30,NA,NA,36.9,NA
CityofMadison,CityofMadison,2006-06-12,NA,NA,39.9,NA
CityofMadison,CityofMadison,2006-07-17,NA,NA,40.8,NA
LTER,LTER_ME,2006-08-07,0,18.36,40.76,19.94
LTER,LTER_ME,2006-08-07,4,18.18,40.71,19.88
LTER,LTER_ME,2006-08-07,6,17.91,41.11,20
LTER,LTER_ME,2006-08-07,8,17.82,40.83,19.91
LTER,LTER_ME,2006-08-07,8,18.18,40.62,19.89
LTER,LTER_ME,2006-08-07,12,18.99,40.98,19.96
LTER,LTER_ME,2006-08-07,16,18.45,40.92,19.63
LTER,LTER_ME,2006-08-07,20,18.18,40.91,18.29
LTER,LTER_ME,2006-08-07,22,18.36,41.57,18.52
CityofMadison,CityofMadison,2006-08-14,NA,NA,40.8,NA
CityofMadison,CityofMadison,2006-09-25,NA,NA,39.9,NA
CityofMadison,CityofMadison,2006-10-25,NA,NA,37.8,NA
LTER,LTER_ME,2006-10-30,0,18.7,40.76,19.34
LTER,LTER_ME,2006-10-30,4,18.3,41.22,19.43
LTER,LTER_ME,2006-10-30,4,18.6,40.94,19.46
LTER,LTER_ME,2006-10-30,8,18.3,40.89,19.37
LTER,LTER_ME,2006-10-30,20,18.6,41.13,19.45
CityofMadison,CityofMadison,2006-11-20,NA,NA,37.8,NA
CityofMadison,CityofMadison,2006-12-14,NA,NA,36.4,NA
LTER,LTER_ME,2007-01-03,0,20.8,41.04,19.27
LTER,LTER_ME,2007-01-03,0,20.9,40.63,19.3
LTER,LTER_ME,2007-01-03,8,21,41.09,19.33
LTER,LTER_ME,2007-01-03,20,21,40.72,19.25
CityofMadison,CityofMadison,2007-01-24,NA,NA,38.7,NA
LTER,LTER_ME,2007-02-19,0,21.4,40.06,19.42
LTER,LTER_ME,2007-02-19,8,21.2,39.61,19.23
LTER,LTER_ME,2007-02-19,8,21.8,41.28,19.96
LTER,LTER_ME,2007-02-19,20,22,39.51,18.91
CityofMadison,CityofMadison,2007-02-28,NA,NA,40.5,NA
CityofMadison,CityofMadison,2007-03-20,NA,NA,37.7,NA
LTER,LTER_ME,2007-04-16,0,20.8,39.09,18.8
LTER,LTER_ME,2007-04-16,4,20.2,39.16,18.86
LTER,LTER_ME,2007-04-16,8,20.3,39.34,19.03
LTER,LTER_ME,2007-04-16,8,20.45,39.39,18.87
LTER,LTER_ME,2007-04-16,12,20.5,39.62,19.11
LTER,LTER_ME,2007-04-16,16,20.4,39.44,19.02
LTER,LTER_ME,2007-04-16,20,20.1,37.36,18.88
CityofMadison,CityofMadison,2007-04-17,NA,NA,40.4,NA
CityofMadison,CityofMadison,2007-06-11,NA,NA,38.6,NA
CityofMadison,CityofMadison,2007-07-09,NA,NA,41.8,NA
LTER,LTER_ME,2007-08-06,0,20.9,42.21,19.12
LTER,LTER_ME,2007-08-06,4,21.6,41.83,19.03
LTER,LTER_ME,2007-08-06,6,21.2,41.63,18.97
LTER,LTER_ME,2007-08-06,8,20.3,40.72,18.33
LTER,LTER_ME,2007-08-06,12,22,40.26,18.68
LTER,LTER_ME,2007-08-06,12,20.6,41.27,18.91
LTER,LTER_ME,2007-08-06,16,20.8,40.53,17.85
LTER,LTER_ME,2007-08-06,20,21.7,40.8,16.19
LTER,LTER_ME,2007-08-06,22,20.8,40.58,16.25
CityofMadison,CityofMadison,2007-09-04,NA,NA,36.6,NA
CityofMadison,CityofMadison,2007-10-29,NA,NA,37.7,NA
LTER,LTER_ME,2007-10-29,0,20.1,38.88,18.47
LTER,LTER_ME,2007-10-29,4,19.7,38.29,18.42
LTER,LTER_ME,2007-10-29,8,19.7,39.33,18.68
LTER,LTER_ME,2007-10-29,20,19.7,38.68,18.42
LTER,LTER_ME,2007-10-29,20,20.4,39.22,18.68
LTER,LTER_ME,2008-02-13,0,19.2,42.5,18.97
LTER,LTER_ME,2008-02-13,8,18.8,40.59,19.3
LTER,LTER_ME,2008-02-13,20,23,49.59,19.84
LTER,LTER_ME,2008-02-13,20,23.2,49.63,19.8
CityofMadison,CityofMadison,2008-02-26,NA,NA,43.6,NA
CityofMadison,CityofMadison,2008-03-13,NA,NA,41.1,NA
CityofMadison,CityofMadison,2008-04-03,NA,NA,39.3,NA
LTER,LTER_ME,2008-04-14,20,21.5,44.85,18.44
CityofMadison,CityofMadison,2008-05-27,NA,NA,43.5,NA
CityofMadison,CityofMadison,2008-06-11,NA,NA,42.2,NA
CityofMadison,CityofMadison,2008-07-14,NA,NA,39.5,NA
LTER,LTER_ME,2008-08-04,0,16.5,39.52,16.67
LTER,LTER_ME,2008-08-04,4,16.6,39.28,16.64
LTER,LTER_ME,2008-08-04,6,16.8,38.67,16.49
LTER,LTER_ME,2008-08-04,8,17,39.19,16.91
LTER,LTER_ME,2008-08-04,12,17.8,40.49,17.24
LTER,LTER_ME,2008-08-04,16,18.6,42.02,17.35
LTER,LTER_ME,2008-08-04,16,18.5,41.81,17.14
LTER,LTER_ME,2008-08-04,20,18.5,41.98,14.68
LTER,LTER_ME,2008-08-04,22,18.6,40.98,13.8
CityofMadison,CityofMadison,2008-08-26,NA,NA,39.5,NA
CityofMadison,CityofMadison,2008-09-29,NA,NA,41.8,NA
CityofMadison,CityofMadison,2008-10-21,NA,NA,40.2,NA
LTER,LTER_ME,2008-10-29,0,15.8,39.03,15.89
LTER,LTER_ME,2008-10-29,4,16.2,40.39,15.93
LTER,LTER_ME,2008-10-29,20,16.2,39.18,15.92
LTER,LTER_ME,2008-10-29,20,15.7,39.22,15.9
CityofMadison,CityofMadison,2008-11-26,NA,NA,41.8,NA
CityofMadison,CityofMadison,2008-12-11,NA,NA,41.4,NA
LTER,LTER_ME,2009-01-21,0,19.3,43.6,18.23
LTER,LTER_ME,2009-01-21,8,19.2,43.51,17.9
LTER,LTER_ME,2009-01-21,20,21.8,37.18,14.77
LTER,LTER_ME,2009-01-21,20,23.2,52.03,20.45
CityofMadison,CityofMadison,2009-01-28,NA,NA,45.9,NA
CityofMadison,CityofMadison,2009-02-16,NA,NA,38.9,NA
CityofMadison,CityofMadison,2009-03-16,NA,NA,39.2,NA
LTER,LTER_ME,2009-04-15,0,21.5,44.23,16.66
LTER,LTER_ME,2009-04-15,8,21.4,43.91,16.63
LTER,LTER_ME,2009-04-15,20,21.5,43.45,16.51
LTER,LTER_ME,2009-04-15,20,21.7,44.23,16.55
CityofMadison,CityofMadison,2009-04-16,NA,NA,43.3,NA
CityofMadison,CityofMadison,2009-05-26,NA,NA,44.9,NA
CityofMadison,CityofMadison,2009-06-15,NA,NA,40.7,NA
CityofMadison,CityofMadison,2009-07-13,NA,NA,43.4,NA
LTER,LTER_ME,2009-08-05,0,20.9,44.55,17.99
LTER,LTER_ME,2009-08-05,4,20.7,44.58,18.22
LTER,LTER_ME,2009-08-05,4,22,44.42,17.83
LTER,LTER_ME,2009-08-05,6,21.5,44.31,18.02
LTER,LTER_ME,2009-08-05,8,21.8,44.21,18.06
LTER,LTER_ME,2009-08-05,12,21.1,43.84,17.55
LTER,LTER_ME,2009-08-05,16,21,43.93,17.74
LTER,LTER_ME,2009-08-05,20,21,43.91,16.94
LTER,LTER_ME,2009-08-05,22,21,44.4,17.13
CityofMadison,CityofMadison,2009-08-24,NA,NA,43.7,NA
CityofMadison,CityofMadison,2009-09-08,NA,NA,45.4,NA
CityofMadison,CityofMadison,2009-10-27,NA,NA,44.2,NA
LTER,LTER_ME,2009-10-28,0,20.9,44.39,17.89
LTER,LTER_ME,2009-10-28,4,20.8,24.52,8.29
CityofMadison,CityofMadison,2009-11-23,NA,NA,46.1,NA
CityofMadison,CityofMadison,2009-12-28,NA,NA,45.3,NA
CityofMadison,CityofMadison,2010-01-26,NA,NA,44.5,NA
LTER,LTER_ME,2010-02-01,0,21.8,46.23,19.03
LTER,LTER_ME,2010-02-01,4,21.7,45.82,19.11
LTER,LTER_ME,2010-02-01,8,21.1,46.73,19.16
LTER,LTER_ME,2010-02-01,20,22.2,49.4,20.87
CityofMadison,CityofMadison,2010-02-16,NA,NA,47.8,NA
CityofMadison,CityofMadison,2010-03-15,NA,NA,29.6,NA
LTER,LTER_ME,2010-04-13,0,23.1,46.6,18.43
LTER,LTER_ME,2010-04-13,0,22.9,46.1,18.55
LTER,LTER_ME,2010-04-13,8,23.4,46.34,18.53
LTER,LTER_ME,2010-04-13,20,23.2,46.02,18.41
CityofMadison,CityofMadison,2010-04-22,NA,NA,45.4,NA
CityofMadison,CityofMadison,2010-05-24,NA,NA,46.5,NA
CityofMadison,CityofMadison,2010-06-30,NA,NA,43.8,NA
CityofMadison,CityofMadison,2010-07-14,NA,NA,44.3,NA
LTER,LTER_ME,2010-08-03,0,20,42.88,16.24
LTER,LTER_ME,2010-08-03,4,19.8,42.68,16.15
LTER,LTER_ME,2010-08-03,6,19.9,42.67,16.14
LTER,LTER_ME,2010-08-03,6,20.1,42.95,16.23
LTER,LTER_ME,2010-08-03,8,19.9,43.25,16.37
LTER,LTER_ME,2010-08-03,12,21.1,45.61,17.55
LTER,LTER_ME,2010-08-03,16,21.2,45.76,17.04
LTER,LTER_ME,2010-08-03,20,21.1,45.9,16.12
LTER,LTER_ME,2010-08-03,22,21.4,45.66,15.26
CityofMadison,CityofMadison,2010-08-12,NA,NA,42,NA
CityofMadison,CityofMadison,2010-09-09,NA,NA,42.9,NA
CityofMadison,CityofMadison,2010-10-18,NA,NA,44.3,NA
LTER,LTER_ME,2010-11-09,0,20.1,44.1,16.92
LTER,LTER_ME,2010-11-09,0,20.25,44.15,16.94
LTER,LTER_ME,2010-11-09,4,20.1,44.06,16.94
LTER,LTER_ME,2010-11-09,20,20.3,44.43,17.86
CityofMadison,CityofMadison,2010-11-15,NA,NA,43.8,NA
LTER,LTER_ME,2011-01-19,0,22.1,46.45,17.83
LTER,LTER_ME,2011-01-19,8,22.1,45.49,17.52
LTER,LTER_ME,2011-01-19,8,22.1,45.52,17.55
LTER,LTER_ME,2011-01-19,20,21.7,46.57,17.91
CityofMadison,CityofMadison,2011-01-25,NA,NA,48.1,NA
CityofMadison,CityofMadison,2011-02-23,NA,NA,46.4,NA
CityofMadison,CityofMadison,2011-03-14,NA,NA,44.9,NA
CityofMadison,CityofMadison,2011-04-28,NA,NA,46.4,NA
LTER,LTER_ME,2011-05-17,0,20.7,46.71,18.34
LTER,LTER_ME,2011-05-17,0,20.6,45.78,18.23
LTER,LTER_ME,2011-05-17,8,20.5,45.99,18.22
LTER,LTER_ME,2011-05-17,20,21.1,46.13,18.24
CityofMadison,CityofMadison,2011-05-31,NA,NA,43.2,NA
CityofMadison,CityofMadison,2011-06-29,NA,NA,46.5,NA
CityofMadison,CityofMadison,2011-07-25,NA,NA,44.4,NA
LTER,LTER_ME,2011-08-04,0,21.64,47.13,17.47
LTER,LTER_ME,2011-08-04,4,21.72,47.24,17.18
LTER,LTER_ME,2011-08-04,4,22,46.66,17.41
LTER,LTER_ME,2011-08-04,6,21.91,47.05,17.25
LTER,LTER_ME,2011-08-04,8,21.53,46.37,17.5
LTER,LTER_ME,2011-08-04,12,21.45,46.27,17.51
LTER,LTER_ME,2011-08-04,16,21.36,46.28,17.4
LTER,LTER_ME,2011-08-04,20,21.56,46.4,15.67
LTER,LTER_ME,2011-08-04,22,21.42,46.73,13.08
CityofMadison,CityofMadison,2011-08-15,NA,NA,44.6,NA
CityofMadison,CityofMadison,2011-09-13,NA,NA,44.5,NA
CityofMadison,CityofMadison,2011-10-03,NA,NA,44.2,NA
LTER,LTER_ME,2011-10-31,0,NA,47.26,16.16
LTER,LTER_ME,2011-10-31,0,NA,47.11,16.14
LTER,LTER_ME,2011-10-31,4,NA,47.27,16.16
LTER,LTER_ME,2011-10-31,20,NA,47.22,16.2
CityofMadison,CityofMadison,2011-11-21,NA,NA,44.3,NA
CityofMadison,CityofMadison,2011-12-12,NA,NA,43.4,NA
CityofMadison,CityofMadison,2012-01-09,NA,NA,45.2,NA
CityofMadison,CityofMadison,2012-02-07,NA,NA,43.4,NA
LTER,LTER_ME,2012-02-22,0,22.42,48.64,17.82
LTER,LTER_ME,2012-02-22,0,22.7,48.69,18.74
LTER,LTER_ME,2012-02-22,8,22.44,49.02,18.83
LTER,LTER_ME,2012-02-22,16,20.68,51.62,17.9
CityofMadison,CityofMadison,2012-03-15,NA,NA,46.4,NA
LTER,LTER_ME,2012-04-17,0,22.35,48.68,18.34
LTER,LTER_ME,2012-04-17,8,22.28,48.66,18.34
LTER,LTER_ME,2012-04-17,20,22.55,48.68,18.34
LTER,LTER_ME,2012-04-17,20,22.39,48.65,18
CityofMadison,CityofMadison,2012-04-24,NA,NA,48.2,NA
CityofMadison,CityofMadison,2012-05-30,NA,NA,45,NA
CityofMadison,CityofMadison,2012-06-26,NA,NA,46.6,NA
CityofMadison,CityofMadison,2012-08-02,NA,NA,49,NA
LTER,LTER_ME,2012-08-06,0,23.87,50.15,17.93
LTER,LTER_ME,2012-08-06,4,24.44,50.24,18.12
LTER,LTER_ME,2012-08-06,6,24.65,50.57,17.85
LTER,LTER_ME,2012-08-06,8,24.7,50.35,18.03
LTER,LTER_ME,2012-08-06,12,23.33,49.08,17.16
LTER,LTER_ME,2012-08-06,16,24.06,48.96,16.77
LTER,LTER_ME,2012-08-06,16,24.12,48.67,16.77
LTER,LTER_ME,2012-08-06,20,24.04,48.86,15.03
LTER,LTER_ME,2012-08-06,22,24.04,48.94,14.62
CityofMadison,CityofMadison,2012-08-20,NA,NA,50.1,NA
CityofMadison,CityofMadison,2012-09-24,NA,NA,47.3,NA
LTER,LTER_ME,2012-10-29,0,20.04,49.77,16.67
LTER,LTER_ME,2012-10-29,4,20.14,49.2,16.1
LTER,LTER_ME,2012-10-29,20,20.06,37.77,12.61
CityofMadison,CityofMadison,2012-10-30,NA,NA,48,NA
CityofMadison,CityofMadison,2012-11-28,NA,NA,48,NA
CityofMadison,CityofMadison,2012-12-17,NA,NA,47.1,NA
LTER,LTER_ME,2013-02-12,0,24.45,50.96,17.98
LTER,LTER_ME,2013-02-12,8,24.55,51.6,17.98
LTER,LTER_ME,2013-02-12,20,24.83,52.28,19.09
LTER,LTER_ME,2013-02-12,20,24.94,52.02,18.98
CityofMadison,CityofMadison,2013-02-18,NA,NA,47.3,NA
CityofMadison,CityofMadison,2013-03-14,NA,NA,54.1,NA
LTER,LTER_ME,2013-04-29,0,24.81,52.36,19.88
LTER,LTER_ME,2013-04-29,8,24.83,52.2,19.73
LTER,LTER_ME,2013-04-29,20,24.67,52.12,19.65
LTER,LTER_ME,2013-04-29,20,24.47,52.23,19.61
CityofMadison,CityofMadison,2013-05-08,NA,NA,48.8,NA
CityofMadison,CityofMadison,2013-06-19,NA,NA,51.9,NA
CityofMadison,CityofMadison,2013-07-16,NA,NA,46.2,NA
LTER,LTER_ME,2013-08-05,0,22.22,49.6,16.95
LTER,LTER_ME,2013-08-05,4,22.11,49.67,16.94
LTER,LTER_ME,2013-08-05,6,22.08,49.74,16.95
LTER,LTER_ME,2013-08-05,8,22.03,49.15,17.78
LTER,LTER_ME,2013-08-05,12,23.16,52.27,17.54
LTER,LTER_ME,2013-08-05,16,23.37,52.84,16.8
LTER,LTER_ME,2013-08-05,20,23.3,52.47,16.62
LTER,LTER_ME,2013-08-05,22,23.69,52.46,16.43
LTER,LTER_ME,2013-08-05,22,23.08,52.04,17.01
CityofMadison,CityofMadison,2013-08-14,NA,NA,46.8,NA
CityofMadison,CityofMadison,2013-09-10,NA,NA,52.1,NA
CityofMadison,CityofMadison,2013-10-24,NA,NA,49.2,NA
LTER,LTER_ME,2013-10-29,0,23.97,50.79,18.33
LTER,LTER_ME,2013-10-29,4,23.65,50.71,18.35
LTER,LTER_ME,2013-10-29,4,23.87,50.71,18.3
LTER,LTER_ME,2013-10-29,20,23.93,50.78,17.89
CityofMadison,CityofMadison,2013-12-02,NA,NA,48.3,NA
CityofMadison,CityofMadison,2014-03-20,NA,NA,47.8,NA
CityofMadison,CityofMadison,2014-04-17,NA,NA,53.4,NA
CityofMadison,CityofMadison,2014-06-25,NA,NA,48.2,NA
CityofMadison,CityofMadison,2014-07-17,NA,NA,49.2,NA
CityofMadison,CityofMadison,2014-08-14,NA,NA,48.9,NA
CityofMadison,CityofMadison,2014-09-08,NA,NA,49.2,NA
CityofMadison,CityofMadison,2014-10-29,NA,NA,49.5,NA
CityofMadison,CityofMadison,2014-12-11,NA,NA,49.9,NA
CityofMadison,CityofMadison,2015-04-27,NA,NA,51,NA
CityofMadison,CityofMadison,2015-06-02,NA,NA,49.8,NA
CityofMadison,CityofMadison,2015-07-08,NA,NA,52.4,NA
CityofMadison,CityofMadison,2015-08-04,NA,NA,51.5,NA
CityofMadison,CityofMadison,2015-09-24,NA,NA,48.8,NA